{
  "id": "",
  "name": "",
  "font_family": "iconfont",
  "css_prefix_text": "icon-",
  "description": "",
  "glyphs": [
    {
      "icon_id": "11474219",
      "name": "all",
      "font_class": "all",
      "unicode": "e6ef",
      "unicode_decimal": 59119
    },
    {
      "icon_id": "11474220",
      "name": "bussiness-man",
      "font_class": "bussiness-man",
      "unicode": "e6f0",
      "unicode_decimal": 59120
    },
    {
      "icon_id": "11474242",
      "name": "code",
      "font_class": "code",
      "unicode": "e6f2",
      "unicode_decimal": 59122
    },
    {
      "icon_id": "11474243",
      "name": "copy",
      "font_class": "copy",
      "unicode": "e6f3",
      "unicode_decimal": 59123
    },
    {
      "icon_id": "11474255",
      "name": "dollar",
      "font_class": "dollar",
      "unicode": "e6f4",
      "unicode_decimal": 59124
    },
    {
      "icon_id": "11474272",
      "name": "editor",
      "font_class": "editor",
      "unicode": "e6f6",
      "unicode_decimal": 59126
    },
    {
      "icon_id": "11474331",
      "name": "rising",
      "font_class": "rising",
      "unicode": "e703",
      "unicode_decimal": 59139
    },
    {
      "icon_id": "11474335",
      "name": "QRcode",
      "font_class": "QRcode",
      "unicode": "e704",
      "unicode_decimal": 59140
    },
    {
      "icon_id": "11474340",
      "name": "rmb",
      "font_class": "rmb",
      "unicode": "e705",
      "unicode_decimal": 59141
    },
    {
      "icon_id": "11481287",
      "name": "all-fill",
      "font_class": "all-fill",
      "unicode": "e718",
      "unicode_decimal": 59160
    },
    {
      "icon_id": "11481359",
      "name": "prompt-fill",
      "font_class": "prompt-fill",
      "unicode": "e730",
      "unicode_decimal": 59184
    },
    {
      "icon_id": "11487973",
      "name": "add",
      "font_class": "add",
      "unicode": "e742",
      "unicode_decimal": 59202
    },
    {
      "icon_id": "11487977",
      "name": "arrow-right",
      "font_class": "arrow-right",
      "unicode": "e743",
      "unicode_decimal": 59203
    },
    {
      "icon_id": "11487978",
      "name": "arrow-lift",
      "font_class": "arrow-lift",
      "unicode": "e744",
      "unicode_decimal": 59204
    },
    {
      "icon_id": "11487982",
      "name": "arrow-up",
      "font_class": "arrow-up",
      "unicode": "e745",
      "unicode_decimal": 59205
    },
    {
      "icon_id": "11487988",
      "name": "browse",
      "font_class": "browse",
      "unicode": "e746",
      "unicode_decimal": 59206
    },
    {
      "icon_id": "11487990",
      "name": "atm-away",
      "font_class": "atm-away",
      "unicode": "e747",
      "unicode_decimal": 59207
    },
    {
      "icon_id": "11487995",
      "name": "cart- full",
      "font_class": "cart-full",
      "unicode": "e748",
      "unicode_decimal": 59208
    },
    {
      "icon_id": "11488001",
      "name": "close",
      "font_class": "close",
      "unicode": "e749",
      "unicode_decimal": 59209
    },
    {
      "icon_id": "11488003",
      "name": "cart-Empty",
      "font_class": "cart-Empty",
      "unicode": "e74a",
      "unicode_decimal": 59210
    },
    {
      "icon_id": "11488004",
      "name": "code",
      "font_class": "code1",
      "unicode": "e74b",
      "unicode_decimal": 59211
    },
    {
      "icon_id": "11488010",
      "name": "confirm",
      "font_class": "confirm",
      "unicode": "e74c",
      "unicode_decimal": 59212
    },
    {
      "icon_id": "11488026",
      "name": "double-arro- right",
      "font_class": "double-arro-right",
      "unicode": "e74d",
      "unicode_decimal": 59213
    },
    {
      "icon_id": "11488033",
      "name": "editor",
      "font_class": "editor1",
      "unicode": "e74e",
      "unicode_decimal": 59214
    },
    {
      "icon_id": "11488038",
      "name": "email",
      "font_class": "email",
      "unicode": "e74f",
      "unicode_decimal": 59215
    },
    {
      "icon_id": "11488039",
      "name": "falling",
      "font_class": "falling",
      "unicode": "e750",
      "unicode_decimal": 59216
    },
    {
      "icon_id": "11488063",
      "name": "left arrow",
      "font_class": "leftarrow",
      "unicode": "e755",
      "unicode_decimal": 59221
    },
    {
      "icon_id": "11488069",
      "name": "loading",
      "font_class": "loading",
      "unicode": "e756",
      "unicode_decimal": 59222
    },
    {
      "icon_id": "11488077",
      "name": "move",
      "font_class": "move",
      "unicode": "e759",
      "unicode_decimal": 59225
    },
    {
      "icon_id": "11488080",
      "name": "map",
      "font_class": "map",
      "unicode": "e758",
      "unicode_decimal": 59224
    },
    {
      "icon_id": "11488105",
      "name": "reeor",
      "font_class": "reeor",
      "unicode": "e75e",
      "unicode_decimal": 59230
    },
    {
      "icon_id": "11488106",
      "name": "reduce",
      "font_class": "reduce",
      "unicode": "e75f",
      "unicode_decimal": 59231
    },
    {
      "icon_id": "11488109",
      "name": "resonse rate",
      "font_class": "resonserate",
      "unicode": "e760",
      "unicode_decimal": 59232
    },
    {
      "icon_id": "11488114",
      "name": "rising",
      "font_class": "rising1",
      "unicode": "e761",
      "unicode_decimal": 59233
    },
    {
      "icon_id": "11488115",
      "name": "Right arrow",
      "font_class": "Rightarrow",
      "unicode": "e762",
      "unicode_decimal": 59234
    },
    {
      "icon_id": "11488116",
      "name": "rmb",
      "font_class": "rmb1",
      "unicode": "e763",
      "unicode_decimal": 59235
    },
    {
      "icon_id": "11488120",
      "name": "scanning",
      "font_class": "scanning",
      "unicode": "e764",
      "unicode_decimal": 59236
    },
    {
      "icon_id": "11488125",
      "name": "seleted",
      "font_class": "seleted",
      "unicode": "e765",
      "unicode_decimal": 59237
    },
    {
      "icon_id": "11488126",
      "name": "search cart",
      "font_class": "searchcart",
      "unicode": "e766",
      "unicode_decimal": 59238
    },
    {
      "icon_id": "11488129",
      "name": "share",
      "font_class": "share",
      "unicode": "e767",
      "unicode_decimal": 59239
    },
    {
      "icon_id": "11488132",
      "name": "Right button",
      "font_class": "Rightbutton",
      "unicode": "e768",
      "unicode_decimal": 59240
    },
    {
      "icon_id": "11488140",
      "name": "success",
      "font_class": "success",
      "unicode": "e769",
      "unicode_decimal": 59241
    },
    {
      "icon_id": "11488149",
      "name": "top",
      "font_class": "Top",
      "unicode": "e76a",
      "unicode_decimal": 59242
    },
    {
      "icon_id": "11488158",
      "name": "view larger",
      "font_class": "viewlarger",
      "unicode": "e76c",
      "unicode_decimal": 59244
    },
    {
      "icon_id": "11488167",
      "name": "viewlist",
      "font_class": "viewlist",
      "unicode": "e76d",
      "unicode_decimal": 59245
    },
    {
      "icon_id": "11488170",
      "name": "store",
      "font_class": "store",
      "unicode": "e76f",
      "unicode_decimal": 59247
    },
    {
      "icon_id": "11488199",
      "name": "Daytime mode",
      "font_class": "Daytimemode",
      "unicode": "e771",
      "unicode_decimal": 59249
    },
    {
      "icon_id": "11488206",
      "name": "user center",
      "font_class": "usercenter",
      "unicode": "e773",
      "unicode_decimal": 59251
    },
    {
      "icon_id": "11488224",
      "name": "add-cart-fill",
      "font_class": "add-cart-fill",
      "unicode": "e776",
      "unicode_decimal": 59254
    },
    {
      "icon_id": "11488225",
      "name": "add-fill",
      "font_class": "add-fill",
      "unicode": "e777",
      "unicode_decimal": 59255
    },
    {
      "icon_id": "11488230",
      "name": "bussiness-man-fill",
      "font_class": "bussiness-man-fill",
      "unicode": "e779",
      "unicode_decimal": 59257
    },
    {
      "icon_id": "11488231",
      "name": "atm-fill",
      "font_class": "atm-fill",
      "unicode": "e77a",
      "unicode_decimal": 59258
    },
    {
      "icon_id": "11488232",
      "name": "cart- full-fill",
      "font_class": "cart-full-fill",
      "unicode": "e77b",
      "unicode_decimal": 59259
    },
    {
      "icon_id": "11488233",
      "name": "cart-Empty-fill",
      "font_class": "cart-Empty-fill",
      "unicode": "e77c",
      "unicode_decimal": 59260
    },
    {
      "icon_id": "11488236",
      "name": "certified-supplier-fill",
      "font_class": "certified-supplier-fill",
      "unicode": "e77d",
      "unicode_decimal": 59261
    },
    {
      "icon_id": "11488248",
      "name": "Customer management-fill",
      "font_class": "Customermanagement-fill",
      "unicode": "e77e",
      "unicode_decimal": 59262
    },
    {
      "icon_id": "11488253",
      "name": "email-fill",
      "font_class": "email-fill",
      "unicode": "e77f",
      "unicode_decimal": 59263
    },
    {
      "icon_id": "11488272",
      "name": "left button-fill",
      "font_class": "leftbutton-fill",
      "unicode": "e782",
      "unicode_decimal": 59266
    },
    {
      "icon_id": "11488290",
      "name": "map",
      "font_class": "map1",
      "unicode": "e786",
      "unicode_decimal": 59270
    },
    {
      "icon_id": "11488297",
      "name": "phone",
      "font_class": "phone",
      "unicode": "e787",
      "unicode_decimal": 59271
    },
    {
      "icon_id": "11488301",
      "name": "reduce-fill",
      "font_class": "reduce-fill",
      "unicode": "e788",
      "unicode_decimal": 59272
    },
    {
      "icon_id": "11488302",
      "name": "reeor-fill",
      "font_class": "reeor-fill",
      "unicode": "e789",
      "unicode_decimal": 59273
    },
    {
      "icon_id": "11488309",
      "name": "Right button-fill",
      "font_class": "Rightbutton-fill",
      "unicode": "e78a",
      "unicode_decimal": 59274
    },
    {
      "icon_id": "11488312",
      "name": "search cart-fill",
      "font_class": "searchcart-fill",
      "unicode": "e78b",
      "unicode_decimal": 59275
    },
    {
      "icon_id": "11488313",
      "name": "sales center-fill",
      "font_class": "salescenter-fill",
      "unicode": "e78c",
      "unicode_decimal": 59276
    },
    {
      "icon_id": "11488319",
      "name": "service-fill",
      "font_class": "service-fill",
      "unicode": "e78d",
      "unicode_decimal": 59277
    },
    {
      "icon_id": "11488324",
      "name": "store-fill",
      "font_class": "store-fill",
      "unicode": "e78e",
      "unicode_decimal": 59278
    },
    {
      "icon_id": "11488326",
      "name": "success-fill",
      "font_class": "success-fill",
      "unicode": "e78f",
      "unicode_decimal": 59279
    },
    {
      "icon_id": "11488338",
      "name": "top-fill",
      "font_class": "Top-fill",
      "unicode": "e790",
      "unicode_decimal": 59280
    },
    {
      "icon_id": "11488339",
      "name": "view larger",
      "font_class": "viewlarger1",
      "unicode": "e791",
      "unicode_decimal": 59281
    },
    {
      "icon_id": "11494511",
      "name": "collection",
      "font_class": "collection",
      "unicode": "e79d",
      "unicode_decimal": 59293
    },
    {
      "icon_id": "11494513",
      "name": "collection-fill",
      "font_class": "collection-fill",
      "unicode": "e79e",
      "unicode_decimal": 59294
    },
    {
      "icon_id": "11674090",
      "name": "home",
      "font_class": "home",
      "unicode": "e7a7",
      "unicode_decimal": 59303
    },
    {
      "icon_id": "11674755",
      "name": "account-fill",
      "font_class": "account-fill",
      "unicode": "e7aa",
      "unicode_decimal": 59306
    },
    {
      "icon_id": "12011574",
      "name": "add-select",
      "font_class": "add-select",
      "unicode": "e7b0",
      "unicode_decimal": 59312
    },
    {
      "icon_id": "12011622",
      "name": "sami-select",
      "font_class": "sami-select",
      "unicode": "e7b1",
      "unicode_decimal": 59313
    },
    {
      "icon_id": "12011691",
      "name": "arrow-down",
      "font_class": "arrow-down",
      "unicode": "e7b2",
      "unicode_decimal": 59314
    },
    {
      "icon_id": "12011692",
      "name": "account",
      "font_class": "account",
      "unicode": "e7b3",
      "unicode_decimal": 59315
    },
    {
      "icon_id": "12011694",
      "name": "cart-Empty",
      "font_class": "cart-Empty1",
      "unicode": "e7b4",
      "unicode_decimal": 59316
    },
    {
      "icon_id": "12011697",
      "name": "search",
      "font_class": "search",
      "unicode": "e7b5",
      "unicode_decimal": 59317
    },
    {
      "icon_id": "13087822",
      "name": "仓库",
      "font_class": "cangku",
      "unicode": "e7c1",
      "unicode_decimal": 59329
    },
    {
      "icon_id": "13087825",
      "name": "角标",
      "font_class": "jiaobiao",
      "unicode": "e7c2",
      "unicode_decimal": 59330
    },
    {
      "icon_id": "13087827",
      "name": "动态",
      "font_class": "dongtai",
      "unicode": "e7c3",
      "unicode_decimal": 59331
    },
    {
      "icon_id": "13087834",
      "name": "上传",
      "font_class": "shangchuan",
      "unicode": "e7c4",
      "unicode_decimal": 59332
    },
    {
      "icon_id": "13087836",
      "name": "缩小",
      "font_class": "suoxiao",
      "unicode": "e7c5",
      "unicode_decimal": 59333
    },
    {
      "icon_id": "13087842",
      "name": "快递物流",
      "font_class": "kuaidiwuliu",
      "unicode": "e7c6",
      "unicode_decimal": 59334
    },
    {
      "icon_id": "13087843",
      "name": "物流产品",
      "font_class": "wuliuchanpin",
      "unicode": "e7c7",
      "unicode_decimal": 59335
    },
    {
      "icon_id": "13087864",
      "name": "centeralignment",
      "font_class": "centeralignment",
      "unicode": "e7cd",
      "unicode_decimal": 59341
    },
    {
      "icon_id": "13119209",
      "name": "购买偏好",
      "font_class": "goumaipianhao",
      "unicode": "e7d3",
      "unicode_decimal": 59347
    }
  ]
}
