{
  "id": "",
  "name": "",
  "font_family": "iconfont",
  "css_prefix_text": "icon-",
  "description": "",
  "glyphs": [
    {
      "icon_id": "100435",
      "name": "支付宝钱包",
      "font_class": "rectangle390",
      "unicode": "e600",
      "unicode_decimal": 58880
    },
    {
      "icon_id": "100473",
      "name": "余额宝",
      "font_class": "icon",
      "unicode": "e602",
      "unicode_decimal": 58882
    },
    {
      "icon_id": "100498",
      "name": "转账",
      "font_class": "zhuanzhang",
      "unicode": "e603",
      "unicode_decimal": 58883
    },
    {
      "icon_id": "100513",
      "name": "信用卡还款",
      "font_class": "xinyongqiahuankuan",
      "unicode": "e604",
      "unicode_decimal": 58884
    },
    {
      "icon_id": "100530",
      "name": "当面付",
      "font_class": "dangmianfu",
      "unicode": "e605",
      "unicode_decimal": 58885
    },
    {
      "icon_id": "100539",
      "name": "水电煤",
      "font_class": "shuidianmei",
      "unicode": "e606",
      "unicode_decimal": 58886
    },
    {
      "icon_id": "100540",
      "name": "手机充值",
      "font_class": "shoujichongzhi",
      "unicode": "e607",
      "unicode_decimal": 58887
    },
    {
      "icon_id": "100558",
      "name": "亲密付",
      "font_class": "qinmifu",
      "unicode": "e608",
      "unicode_decimal": 58888
    },
    {
      "icon_id": "100560",
      "name": "股票",
      "font_class": "gupiao",
      "unicode": "e609",
      "unicode_decimal": 58889
    },
    {
      "icon_id": "100565",
      "name": "游戏充值",
      "font_class": "youxichongzhi",
      "unicode": "e60a",
      "unicode_decimal": 58890
    },
    {
      "icon_id": "100572",
      "name": "收款",
      "font_class": "shoukuan",
      "unicode": "e60b",
      "unicode_decimal": 58891
    },
    {
      "icon_id": "100574",
      "name": "机票",
      "font_class": "jipiao",
      "unicode": "e60c",
      "unicode_decimal": 58892
    },
    {
      "icon_id": "100576",
      "name": "汇率换算",
      "font_class": "huilvhuansuan",
      "unicode": "e60d",
      "unicode_decimal": 58893
    },
    {
      "icon_id": "100581",
      "name": "淘宝",
      "font_class": "taobao",
      "unicode": "e60e",
      "unicode_decimal": 58894
    },
    {
      "icon_id": "100585",
      "name": "记账本",
      "font_class": "jizhang",
      "unicode": "e60f",
      "unicode_decimal": 58895
    },
    {
      "icon_id": "100610",
      "name": "旅游特惠",
      "font_class": "lvyoutehui",
      "unicode": "e610",
      "unicode_decimal": 58896
    },
    {
      "icon_id": "100611",
      "name": "彩票",
      "font_class": "caipiao",
      "unicode": "e611",
      "unicode_decimal": 58897
    },
    {
      "icon_id": "100628",
      "name": "AA收款",
      "font_class": "aa",
      "unicode": "e612",
      "unicode_decimal": 58898
    },
    {
      "icon_id": "100650",
      "name": "快递",
      "font_class": "kuaidi",
      "unicode": "e613",
      "unicode_decimal": 58899
    },
    {
      "icon_id": "100668",
      "name": "国际汇款",
      "font_class": "guojihuikuan",
      "unicode": "e614",
      "unicode_decimal": 58900
    },
    {
      "icon_id": "100676",
      "name": "爱心捐赠",
      "font_class": "aixinjuanzeng",
      "unicode": "e615",
      "unicode_decimal": 58901
    },
    {
      "icon_id": "100679",
      "name": "淘点点",
      "font_class": "diandian",
      "unicode": "e616",
      "unicode_decimal": 58902
    },
    {
      "icon_id": "100680",
      "name": "话费卡转让",
      "font_class": "huafeiqiazhuanrang",
      "unicode": "e617",
      "unicode_decimal": 58903
    },
    {
      "icon_id": "100685",
      "name": "阿里游戏",
      "font_class": "aliyouxi",
      "unicode": "e618",
      "unicode_decimal": 58904
    },
    {
      "icon_id": "100688",
      "name": "手机宝令",
      "font_class": "shoujibaoling",
      "unicode": "e619",
      "unicode_decimal": 58905
    },
    {
      "icon_id": "100689",
      "name": "天猫宝",
      "font_class": "tianmaobao",
      "unicode": "e61a",
      "unicode_decimal": 58906
    },
    {
      "icon_id": "100692",
      "name": "钱包朋友",
      "font_class": "qianbaopengyou",
      "unicode": "e61b",
      "unicode_decimal": 58907
    },
    {
      "icon_id": "100696",
      "name": "打车",
      "font_class": "dache",
      "unicode": "e61c",
      "unicode_decimal": 58908
    },
    {
      "icon_id": "100699",
      "name": "快抢",
      "font_class": "kuaiqiang",
      "unicode": "e61d",
      "unicode_decimal": 58909
    },
    {
      "icon_id": "100708",
      "name": "随身贷",
      "font_class": "suishendai",
      "unicode": "e61f",
      "unicode_decimal": 58911
    },
    {
      "icon_id": "100712",
      "name": "校园一卡通",
      "font_class": "xiaoyuanyiqiatong",
      "unicode": "e620",
      "unicode_decimal": 58912
    },
    {
      "icon_id": "100716",
      "name": "招财宝",
      "font_class": "zhaocaibao",
      "unicode": "e621",
      "unicode_decimal": 58913
    },
    {
      "icon_id": "100721",
      "name": "娱乐宝",
      "font_class": "yulebao",
      "unicode": "e622",
      "unicode_decimal": 58914
    },
    {
      "icon_id": "100723",
      "name": "我的保障",
      "font_class": "wodebaozhang",
      "unicode": "e623",
      "unicode_decimal": 58915
    },
    {
      "icon_id": "100727",
      "name": "会员特权",
      "font_class": "huiyuantequan",
      "unicode": "e624",
      "unicode_decimal": 58916
    },
    {
      "icon_id": "100732",
      "name": "成功",
      "font_class": "chenggong",
      "unicode": "e625",
      "unicode_decimal": 58917
    },
    {
      "icon_id": "100733",
      "name": "失败",
      "font_class": "shibai",
      "unicode": "e626",
      "unicode_decimal": 58918
    },
    {
      "icon_id": "100734",
      "name": "警示",
      "font_class": "jingshi",
      "unicode": "e627",
      "unicode_decimal": 58919
    },
    {
      "icon_id": "100735",
      "name": "提示",
      "font_class": "tishi",
      "unicode": "e628",
      "unicode_decimal": 58920
    },
    {
      "icon_id": "100736",
      "name": "帮助",
      "font_class": "bangzhu",
      "unicode": "e629",
      "unicode_decimal": 58921
    },
    {
      "icon_id": "100737",
      "name": "等待",
      "font_class": "dengdai",
      "unicode": "e62a",
      "unicode_decimal": 58922
    },
    {
      "icon_id": "100738",
      "name": "相机",
      "font_class": "xiangji",
      "unicode": "e62b",
      "unicode_decimal": 58923
    },
    {
      "icon_id": "100739",
      "name": "手机通讯录",
      "font_class": "shoujitongxunlu",
      "unicode": "e62c",
      "unicode_decimal": 58924
    },
    {
      "icon_id": "100740",
      "name": "设置",
      "font_class": "shezhi",
      "unicode": "e62d",
      "unicode_decimal": 58925
    },
    {
      "icon_id": "100742",
      "name": "我的",
      "font_class": "wode",
      "unicode": "e62e",
      "unicode_decimal": 58926
    },
    {
      "icon_id": "100743",
      "name": "搜索",
      "font_class": "sousuo",
      "unicode": "e62f",
      "unicode_decimal": 58927
    },
    {
      "icon_id": "100744",
      "name": "列表",
      "font_class": "liebiao",
      "unicode": "e630",
      "unicode_decimal": 58928
    },
    {
      "icon_id": "100745",
      "name": "编辑",
      "font_class": "bianji",
      "unicode": "e631",
      "unicode_decimal": 58929
    },
    {
      "icon_id": "100746",
      "name": "删除",
      "font_class": "shanchu",
      "unicode": "e632",
      "unicode_decimal": 58930
    },
    {
      "icon_id": "100747",
      "name": "分享",
      "font_class": "fenxiang",
      "unicode": "e633",
      "unicode_decimal": 58931
    },
    {
      "icon_id": "100750",
      "name": "地图",
      "font_class": "ditu",
      "unicode": "e634",
      "unicode_decimal": 58932
    },
    {
      "icon_id": "100751",
      "name": "添加",
      "font_class": "tianjia",
      "unicode": "e635",
      "unicode_decimal": 58933
    },
    {
      "icon_id": "100752",
      "name": "帮助_线条",
      "font_class": "bangzhuxiantiao",
      "unicode": "e636",
      "unicode_decimal": 58934
    },
    {
      "icon_id": "100753",
      "name": "更多",
      "font_class": "gengduo",
      "unicode": "e637",
      "unicode_decimal": 58935
    },
    {
      "icon_id": "100754",
      "name": "扫一扫",
      "font_class": "saoyisao",
      "unicode": "e638",
      "unicode_decimal": 58936
    },
    {
      "icon_id": "100755",
      "name": "付款码",
      "font_class": "fukuanma",
      "unicode": "e639",
      "unicode_decimal": 58937
    },
    {
      "icon_id": "101099",
      "name": "城市服务",
      "font_class": "chengshifuwu",
      "unicode": "e63a",
      "unicode_decimal": 58938
    },
    {
      "icon_id": "101119",
      "name": "教育缴费",
      "font_class": "jiaoyujiaofei",
      "unicode": "e63b",
      "unicode_decimal": 58939
    },
    {
      "icon_id": "101126",
      "name": "羊城通充值",
      "font_class": "yangchengtongchongzhi",
      "unicode": "e63c",
      "unicode_decimal": 58940
    },
    {
      "icon_id": "101129",
      "name": "城市一卡通",
      "font_class": "chengshiyiqiatong",
      "unicode": "e63d",
      "unicode_decimal": 58941
    },
    {
      "icon_id": "101211",
      "name": "一般",
      "font_class": "yiban",
      "unicode": "e63e",
      "unicode_decimal": 58942
    },
    {
      "icon_id": "101220",
      "name": "餐饮",
      "font_class": "canyin",
      "unicode": "e63f",
      "unicode_decimal": 58943
    },
    {
      "icon_id": "101225",
      "name": "购物",
      "font_class": "gouwu",
      "unicode": "e640",
      "unicode_decimal": 58944
    },
    {
      "icon_id": "101228",
      "name": "服饰",
      "font_class": "fushi",
      "unicode": "e641",
      "unicode_decimal": 58945
    },
    {
      "icon_id": "101241",
      "name": "交通",
      "font_class": "jiaotong",
      "unicode": "e642",
      "unicode_decimal": 58946
    },
    {
      "icon_id": "101245",
      "name": "娱乐",
      "font_class": "yule",
      "unicode": "e643",
      "unicode_decimal": 58947
    },
    {
      "icon_id": "101246",
      "name": "社交",
      "font_class": "shejiao",
      "unicode": "e644",
      "unicode_decimal": 58948
    },
    {
      "icon_id": "101257",
      "name": "居家",
      "font_class": "jujia",
      "unicode": "e645",
      "unicode_decimal": 58949
    },
    {
      "icon_id": "101259",
      "name": "通讯",
      "font_class": "tongxun",
      "unicode": "e646",
      "unicode_decimal": 58950
    },
    {
      "icon_id": "101260",
      "name": "零食",
      "font_class": "lingshi",
      "unicode": "e647",
      "unicode_decimal": 58951
    },
    {
      "icon_id": "101263",
      "name": "美容",
      "font_class": "meirong",
      "unicode": "e648",
      "unicode_decimal": 58952
    },
    {
      "icon_id": "101265",
      "name": "运动",
      "font_class": "yundong",
      "unicode": "e649",
      "unicode_decimal": 58953
    },
    {
      "icon_id": "101267",
      "name": "旅行",
      "font_class": "lvxing",
      "unicode": "e64a",
      "unicode_decimal": 58954
    },
    {
      "icon_id": "101268",
      "name": "数码",
      "font_class": "shuma",
      "unicode": "e64b",
      "unicode_decimal": 58955
    },
    {
      "icon_id": "101270",
      "name": "学习",
      "font_class": "xuexi",
      "unicode": "e64c",
      "unicode_decimal": 58956
    },
    {
      "icon_id": "101271",
      "name": "医疗",
      "font_class": "yiliao",
      "unicode": "e64d",
      "unicode_decimal": 58957
    },
    {
      "icon_id": "101272",
      "name": "书籍",
      "font_class": "shuji",
      "unicode": "e64e",
      "unicode_decimal": 58958
    },
    {
      "icon_id": "101273",
      "name": "宠物",
      "font_class": "chongwu",
      "unicode": "e64f",
      "unicode_decimal": 58959
    },
    {
      "icon_id": "101274",
      "name": "彩票",
      "font_class": "caipiao1",
      "unicode": "e650",
      "unicode_decimal": 58960
    },
    {
      "icon_id": "101275",
      "name": "汽车",
      "font_class": "qiche",
      "unicode": "e651",
      "unicode_decimal": 58961
    },
    {
      "icon_id": "101276",
      "name": "办公",
      "font_class": "bangong",
      "unicode": "e652",
      "unicode_decimal": 58962
    },
    {
      "icon_id": "101277",
      "name": "住房",
      "font_class": "zhufang",
      "unicode": "e653",
      "unicode_decimal": 58963
    },
    {
      "icon_id": "101278",
      "name": "维修",
      "font_class": "weixiu",
      "unicode": "e654",
      "unicode_decimal": 58964
    },
    {
      "icon_id": "101279",
      "name": "孩子",
      "font_class": "haizi",
      "unicode": "e655",
      "unicode_decimal": 58965
    },
    {
      "icon_id": "101280",
      "name": "长辈",
      "font_class": "changbei",
      "unicode": "e656",
      "unicode_decimal": 58966
    },
    {
      "icon_id": "101283",
      "name": "礼物",
      "font_class": "liwu",
      "unicode": "e657",
      "unicode_decimal": 58967
    },
    {
      "icon_id": "101284",
      "name": "礼金",
      "font_class": "lijin",
      "unicode": "e658",
      "unicode_decimal": 58968
    },
    {
      "icon_id": "101285",
      "name": "还款",
      "font_class": "huankuan",
      "unicode": "e659",
      "unicode_decimal": 58969
    },
    {
      "icon_id": "101289",
      "name": "捐赠",
      "font_class": "juanzeng",
      "unicode": "e65a",
      "unicode_decimal": 58970
    },
    {
      "icon_id": "101290",
      "name": "理财",
      "font_class": "licai",
      "unicode": "e65b",
      "unicode_decimal": 58971
    },
    {
      "icon_id": "101291",
      "name": "工资",
      "font_class": "gongzi",
      "unicode": "e65c",
      "unicode_decimal": 58972
    },
    {
      "icon_id": "101292",
      "name": "兼职",
      "font_class": "jianzhi",
      "unicode": "e65d",
      "unicode_decimal": 58973
    },
    {
      "icon_id": "101293",
      "name": "理财收益",
      "font_class": "licaishouyi",
      "unicode": "e65e",
      "unicode_decimal": 58974
    },
    {
      "icon_id": "101295",
      "name": "其他收入",
      "font_class": "qitashouru",
      "unicode": "e65f",
      "unicode_decimal": 58975
    },
    {
      "icon_id": "101296",
      "name": "自定义类目",
      "font_class": "zidingyileimu",
      "unicode": "e660",
      "unicode_decimal": 58976
    },
    {
      "icon_id": "101297",
      "name": "添加类目",
      "font_class": "tianjialeimu",
      "unicode": "e661",
      "unicode_decimal": 58977
    },
    {
      "icon_id": "101517",
      "name": "支付宝A",
      "font_class": "zhifubaoa",
      "unicode": "e662",
      "unicode_decimal": 58978
    },
    {
      "icon_id": "101518",
      "name": "支付宝B",
      "font_class": "zhifubaob",
      "unicode": "e663",
      "unicode_decimal": 58979
    },
    {
      "icon_id": "101520",
      "name": "服务窗A",
      "font_class": "fuwuchuanga",
      "unicode": "e664",
      "unicode_decimal": 58980
    },
    {
      "icon_id": "101521",
      "name": "服务窗B",
      "font_class": "fuwuchuangb",
      "unicode": "e665",
      "unicode_decimal": 58981
    },
    {
      "icon_id": "101522",
      "name": "探索A",
      "font_class": "tansuoa",
      "unicode": "e666",
      "unicode_decimal": 58982
    },
    {
      "icon_id": "101523",
      "name": "探索B",
      "font_class": "tansuob",
      "unicode": "e667",
      "unicode_decimal": 58983
    },
    {
      "icon_id": "101525",
      "name": "财富A",
      "font_class": "caifua",
      "unicode": "e668",
      "unicode_decimal": 58984
    },
    {
      "icon_id": "101526",
      "name": "财富B",
      "font_class": "caifub",
      "unicode": "e669",
      "unicode_decimal": 58985
    },
    {
      "icon_id": "1067886",
      "name": "芝麻信用",
      "font_class": "logo",
      "unicode": "e66a",
      "unicode_decimal": 58986
    }
  ]
}
